Transcript	Length	EffectiveLength	TPM	NumReads	Sample	Gene
Coka_g12416.t1	2514	2340.643	4.978388	269.519	DRR215881	Coka_g12416.t1
Coka_g12416.t1	2514	2375.722	5.865630	464.134	DRR215894	Coka_g12416.t1
Coka_g12416.t1	2514	2341.880	4.817916	920.644	DRR215895	Coka_g12416.t1
Coka_g12416.t1	2514	2372.988	4.238196	357.240	DRR215897	Coka_g12416.t1
Coka_g12416.t1	2514	2337.778	1.220783	216.027	DRR215898	Coka_g12416.t1
