Transcript	start_cds	end_cds	start_pep	end_pep	NumReads
Atha_AT2G25170.3	0	4230	0	1410	320.8106111
Atha_AT4G31900.1	1158	1337	386	445	1.333333333
Atha_AT4G31900.1	1339	1742	446	580	1.272727273
Atha_AT4G31900.1	1745	3135	581	1045	1.438356164
Atha_AT4G31900.1	3162	3600	1054	1200	1.333333333
Atha_AT5G44800.1	0	6669	0	2223	262.8363893
