Transcript	Length	EffectiveLength	TPM	NumReads	Sample	Gene
Chocri_CDF39905	2103	1909.664	0.000000	0.000	ERR2041136	Chocri_XP_005710199.1
Chocri_CDF40057	2820	2626.664	0.000000	0.000	ERR2041136	Chocri_XP_005710351.1
Chocri_CDF40922	2112	1918.664	0.000000	0.000	ERR2041136	Chocri_XP_005711216.1
Chocri_CDF40992	2466	2272.664	0.000000	0.000	ERR2041136	Chocri_XP_005711286.1
Chocri_CDF32213	1314	1120.664	0.000000	0.000	ERR2041136	Chocri_XP_005711878.1
Chocri_CDF32918	1416	1222.664	0.000000	0.000	ERR2041136	Chocri_XP_005712721.1
Chocri_CDF36421	2592	2398.664	0.000000	0.000	ERR2041136	Chocri_XP_005716240.1
Chocri_CDF39153	2361	2167.664	0.000000	0.000	ERR2041136	Chocri_XP_005719064.1
