Transcript	Length	EffectiveLength	TPM	NumReads	Sample	Gene
Tadh_TriadT27056	2613	2396.807	3.854982	186.000	SRR8674648	Tadh_P27056
Tadh_TriadT27056	2613	2421.930	4.986876	216.000	SRR8674649	Tadh_P27056
Tadh_TriadT27056	2613	2391.264	4.426234	194.000	SRR8674650	Tadh_P27056
Tadh_TriadT27056	2613	2385.659	4.817865	206.000	SRR8674651	Tadh_P27056
