Transcript	Length	EffectiveLength	TPM	NumReads	Sample	Gene
Skow_XM_002732522.2	4452	4174.054	8.427889	205.000	SRR1695461	Skow_XP_002732568.2
Skow_XM_006812959.1	1149	871.054	2.561068	13.000	SRR1695461	Skow_XP_006813022.1
Skow_XM_006817481.1	2637	2359.054	18.403721	253.000	SRR1695461	Skow_XP_006817544.1
Skow_XM_006820403.1	6390	6112.054	50.621101	1803.000	SRR1695461	Skow_XP_006820466.1
