Transcript	start_cds	end_cds	start_pep	end_pep	NumReads
Tadh_TriadT27056	0	658	0	219	14.48464164
Tadh_TriadT27056	700	2613	233	871	20.97535474
