Transcript	start_cds	end_cds	start_pep	end_pep	NumReads
Salcuc_Sacu_v1.1_s0003.g001594	0	4806	0	1602	87.6948338
Salcuc_Sacu_v1.1_s0004.g002414	0	7290	0	2430	150.0030856
