Transcript	start_cds	end_cds	start_pep	end_pep	NumReads
Tcas_TC010453_001	0	3057	0	1019	135.8821373
Tcas_TC012115_002	0	5907	0	1969	144.9230318
