Transcript	start_cds	end_cds	start_pep	end_pep	NumReads
Azofil_Azfi_s0007.g010662	0	7128	0	2376	24.87685252
Azofil_Azfi_s0129.g048917	0	4530	0	1510	56.93632715
