Transcript	start_cds	end_cds	start_pep	end_pep	NumReads
Smoe_EFJ08442	0	3888	0	1296	130.7806903
Smoe_EFJ08834	2	2059	0	686	62.16118048
Smoe_EFJ09071	0	6450	0	2150	69.54494196
Smoe_EFJ11544	0	2762	0	920	63.42719298
Smoe_EFJ11544	2817	3876	939	1292	127.6335505
Smoe_EFJ18933	0	3822	0	1274	80.81693364
Smoe_EFJ38370	922	1396	307	465	46.59558824
