Transcript	start_cds	end_cds	start_pep	end_pep	NumReads
Marpol_Mp_1g07380	0	9927	0	3309	34.28588006
Marpol_Mp_1g07390	2	3606	0	1202	13.99949341
Marpol_Mp_1g07390-2	2	3135	0	1045	14.14111689
Marpol_Mp_1g07390-3	2	3438	0	1146	13.65666434
Marpol_Mp_4g00040	0	8724	0	2908	43.32580308
Marpol_Mp_5g24460-3	0	4410	0	1470	79.96834806
