Transcript	Length	EffectiveLength	TPM	NumReads	Sample	Gene
Smoe_EFJ08442	3888	3628.902	17.382054	1230.696	SRR5499402	Smoe_EFJ08442
Smoe_EFJ08834	2100	1840.902	7.870285	282.680	SRR5499402	Smoe_EFJ08834
Smoe_EFJ09071	6450	6190.902	12.161950	1469.034	SRR5499402	Smoe_EFJ09071
Smoe_EFJ11544	3876	3616.902	11.270761	795.361	SRR5499402	Smoe_EFJ11544
Smoe_EFJ18933	3822	3562.902	7.631716	530.519	SRR5499402	Smoe_EFJ18933
Smoe_EFJ38370	1458	1198.902	0.000000	0.000	SRR5499402	Smoe_EFJ38370
