Transcript	start_cds	end_cds	start_pep	end_pep	NumReads
Perkma_EER04439	0	4176	0	1392	7953.004611
Perkma_EER09039	0	1146	0	382	209.987984
Perkma_EER09039	1148	8583	382	2861	30.16180203
