Transcript	start_cds	end_cds	start_pep	end_pep	NumReads
Exapal_XM_021055160.1	0	1143	0	381	2.542168675
Exapal_XM_021058799.1	0	877	0	292	2.159090909
Exapal_XM_021058799.1	907	1120	302	373	1.285714286
Exapal_XM_028661186.1	4	1152	1	384	3.566801619
Exapal_XM_028662165.1	41	4788	13	1596	3.645956079
Exapal_XM_028662165.1	4912	5221	1637	1740	1.3
Exapal_XM_028662165.1	5702	6623	1900	2207	1.822429907
Exapal_XM_028662165.1	6640	6939	2213	2313	4.429347826
