Transcript	start_cds	end_cds	start_pep	end_pep	NumReads
Scil_scict000343.2	0	754	0	251	3.645714286
Scil_scict000343.2	759	2854	253	951	8.97266881
Scil_scict013490.1	0	828	0	276	22.18786653
