Transcript	start_cds	end_cds	start_pep	end_pep	NumReads
Cscu_XM_023359118.1	1	4353	0	1451	26.47549397
Cscu_XM_023361836.1	265	1950	88	650	43.34399606
Cscu_XM_023370031.1	0	1493	0	497	136.7153259
Cscu_XM_023370031.1	1654	5544	551	1848	120.3651615
Cscu_XM_023377388.1	0	1611	0	537	97.88665923
Cscu_XM_023380006.1	0	1140	0	380	17.45123726
