Transcript	start_cds	end_cds	start_pep	end_pep	NumReads
Nvec_NVE15670	0	2796	0	932	31.42544518
Nvec_NVE25868	28	1566	9	522	24.47023433
Nvec_v1g25276	0	609	0	203	608.4122346
Nvec_v1g85376	0	385	0	128	93.55848132
Nvec_v1g93095	26	563	8	187	6.994219653
Nvec_v1g93180	0	606	0	202	75.22799818
