Transcript	start_cds	end_cds	start_pep	end_pep	NumReads
Sphfal_Sphfalx01G202700.10.v1.1	0	11025	0	3675	46.68844422
Sphfal_Sphfalx02G004000.1.v1.1	63	214	21	71	1
Sphfal_Sphfalx02G034000.1.v1.1	0	4770	0	1590	91.86865942
Sphfal_Sphfalx06G080600.1.v1.1	0	9363	0	3121	84.17058824
Sphfal_Sphfalx08G054500.1.v1.1	0	8868	0	2956	39.43323002
Sphfal_Sphfalx10G075500.1.v1.1	0	4683	0	1561	50.18743133
Sphfal_Sphfalx15G016300.1.v1.1	0	4845	0	1615	48.44697957
