Transcript	start_cds	end_cds	start_pep	end_pep	NumReads
Mlei_ML0763.g19.i1	0	584	0	194	2.903614458
Mlei_ML0763.g19.i1	888	1113	296	371	1.333333333
Mlei_ML0763.g19.i1	1271	1525	423	508	1.333333333
Mlei_ML0763.g19.i1	1619	1806	539	602	1.333333333
Mlei_ML0763.g19.i1	2019	2225	673	741	1.25
Mlei_ML0763.g19.i1	2524	6921	841	2307	3.370524131
Mlei_ML1025.g4.i1	0	1065	0	355	9.034722222
Mlei_ML1029.g2.i1	0	6201	0	2067	79.0009491
Mlei_ML1463.g1.i1	462	662	154	220	1.2
