Transcript	Length	EffectiveLength	TPM	NumReads	Sample	Gene
Perkma_EER04439	4176	3960.162	571.008217	123546.734	SRR8405007	Perkma_EER04439
Perkma_EER09039	8583	8367.162	3.442330	1573.645	SRR8405007	Perkma_EER09039
