Transcript	start_cds	end_cds	start_pep	end_pep	NumReads
Ppat_Pp3c13_19680V3.1	0	9129	0	3043	8.876317488
Ppat_Pp3c18_19045V3.1	0	4755	0	1585	5.755098684
Ppat_Pp3c21_10800V3.1	0	4701	0	1567	6.026117529
