Transcript	start_cds	end_cds	start_pep	end_pep	NumReads
Apla_XM_022234729.1	0	2121	0	707	29.47497976
Apla_XM_022234763.1	0	2319	0	773	31.37105263
Apla_XM_022248524.1	0	6684	0	2228	79.60170693
Apla_XM_022255996.1	0	929	0	309	4.917562724
Apla_XM_022255996.1	943	2583	314	861	3.989949749
