Transcript	start_cds	end_cds	start_pep	end_pep	NumReads
Chem_TCONS_00037964	0	3309	0	1103	9.013276434
Chem_TCONS_00069107	0	798	0	266	2.782608696
Chem_TCONS_00069107	813	1670	271	556	2.695652174
