Transcript	start_cds	end_cds	start_pep	end_pep	NumReads
Spur_XM_030972050.1	0	1701	0	567	17.82963502
Spur_XM_030982518.1	0	2986	0	995	34.72308156
Spur_XM_030982518.1	3005	3127	1001	1042	14.31270358
Spur_XM_030983594.1	28	2973	9	991	46.89661482
Spur_XM_030983594.1	3021	3690	1007	1230	7.544181977
Spur_XM_030986018.1	0	3711	0	1237	13.56616723
Spur_XM_030986646.1	0	6657	0	2219	142.6590633
Spur_XM_030994227.1	0	3116	0	1038	13.52839912
