Transcript	start_cds	end_cds	start_pep	end_pep	NumReads
Hsap_ENST00000262450	0	5862	0	1954	48.37266913
Hsap_ENST00000358065	0	2052	0	684	11.97918129
Hsap_ENST00000380358	0	6177	0	2059	43.23701036
Hsap_ENST00000644480	0	5013	0	1671	42.13700025
Hsap_ENST00000645095	0	5820	0	1940	39.81123876
