Transcript	start_cds	end_cds	start_pep	end_pep	NumReads
Dpul_mRNA29427	0	2817	0	939	4.736144844
Dpul_mRNA376	18	6210	6	2070	55.48687342
