Transcript	start_cds	end_cds	start_pep	end_pep	NumReads
Apla_XM_022224648.1	0	849	0	283	157.5434978
Apla_XM_022232375.1	0	858	0	286	28.03528115
Apla_XM_022253172.1	0	312	0	104	3264.364173
Apla_XM_022254823.1	0	411	0	137	52.60754717
Apla_XM_022254824.1	0	312	0	104	12.53012048
