Transcript	Length	EffectiveLength	TPM	NumReads	Sample	Gene
Ttra_KNC50674	1338	971.799	16.099300	143.000	SRR343042	Ttra_KNC50674
Ttra_KNC50674	1338	1011.099	0.000000	0.000	SRR343052	Ttra_KNC50674
