Transcript	start_cds	end_cds	start_pep	end_pep	NumReads
Drer_ENSDART00000152735	0	472	0	157	5.744107744
Drer_ENSDART00000152735	482	739	160	246	5.916666667
