Transcript	start_cds	end_cds	start_pep	end_pep	NumReads
Azofil_Azfi_s0007.g010907	0	312	0	104	23.92941999
Azofil_Azfi_s0102.g044422	0	312	0	104	23.92941999
Azofil_Azfi_s0191.g057030	0	312	0	104	348.0941807
Azofil_Azfi_s2141.g109596	0	576	0	192	101.1376113
