Transcript	start_cds	end_cds	start_pep	end_pep	NumReads
Ppat_Pp3c3_13480V3.1	0	246	0	82	5.024193548
Ppat_Pp3c3_13480V3.1	328	669	109	223	5.073929961
