Transcript	start_cds	end_cds	start_pep	end_pep	NumReads
Symmic_OLQ11293	0	588	0	196	29.89107499
Symmic_OLQ11293	952	1076	317	358	4.552941176
Symmic_OLQ11293	1094	1302	364	434	14.20846906
