Transcript	Length	EffectiveLength	TPM	NumReads	Sample	Gene
Sphfal_Sphfalx19G069500.1.v1.1	516	277.597	11.721049	66.000	SRR5830048	Sphfal_Sphfalx19G069500.1.p
Sphfal_Sphfalx19G069500.1.v1.1	516	271.536	14.147072	35.662	SRR5830063	Sphfal_Sphfalx19G069500.1.p
Sphfal_Sphfalx19G069500.1.v1.1	516	271.222	11.338341	58.000	SRR5830075	Sphfal_Sphfalx19G069500.1.p
