Transcript	Length	EffectiveLength	TPM	NumReads	Sample	Gene
Hetalb_XM_020571175.1	1374	1193.722	8.858852	9.000	SRR3952103	Hetalb_XP_020438449.1
Hetalb_XM_020571175.1	1374	1200.682	1.533636	1.000	SRR3952105	Hetalb_XP_020438449.1
Hetalb_XM_020571175.1	1374	1172.020	2.377585	2.000	SRR3952107	Hetalb_XP_020438449.1
Hetalb_XM_020571175.1	1374	1158.781	7.969158	9.000	SRR3952108	Hetalb_XP_020438449.1
Hetalb_XM_020571175.1	1374	1178.487	6.466647	9.000	SRR3952111	Hetalb_XP_020438449.1
