Transcript	Length	EffectiveLength	TPM	NumReads	Sample	Gene
Klenit_kfl00360_0110_v1.1.CDS	972	808.224	0.000000	0.000	SRR5905109	Klenit_GAQ87552.1
Klenit_kfl00360_0110_v1.1.CDS	972	808.426	0.000000	0.000	SRR5905110	Klenit_GAQ87552.1
Klenit_kfl00360_0110_v1.1.CDS	972	803.003	0.000000	0.000	SRR5905111	Klenit_GAQ87552.1
Klenit_kfl00360_0110_v1.1.CDS	972	807.417	0.109719	1.000	SRR5905112	Klenit_GAQ87552.1
Klenit_kfl00360_0110_v1.1.CDS	972	810.146	0.000000	0.000	SRR5905113	Klenit_GAQ87552.1
Klenit_kfl00360_0110_v1.1.CDS	972	804.205	0.090650	1.000	SRR5905114	Klenit_GAQ87552.1
